date,"vol[(""food insecurity"" OR ""food insufficiency"")]","sent[(""food insecurity"" OR ""food insufficiency"")]","vol[(SNAP OR ""Supplemental Nutrition Assistance Program"")]","sent[(SNAP OR ""Supplemental Nutrition Assistance Program"")]","vol[(WIC OR ""Women, Infants, and Children"")]","sent[(WIC OR ""Women, Infants, and Children"")]","vol[(""food pantry"" OR ""food bank"")]","sent[(""food pantry"" OR ""food bank"")]","vol[(""school lunch"" OR ""school breakfast"")]","sent[(""school lunch"" OR ""school breakfast"")]","vol[(""food prices"" OR ""grocery inflation"")]","sent[(""food prices"" OR ""grocery inflation"")]"
2020-01-05,0.0146,0.0146,0.35566666666666663,0.35566666666666663,0.0036666666666666666,0.0036666666666666666,0.06806666666666666,0.06806666666666666,0.014033333333333333,0.014033333333333333,0.0398,0.0398
2020-01-12,0.01812857142857143,0.01812857142857143,0.28241428571428573,0.28241428571428573,0.0030142857142857146,0.0030142857142857146,0.05207142857142857,0.05207142857142857,0.013228571428571428,0.013228571428571428,0.034742857142857145,0.034742857142857145
2020-01-19,0.031071428571428573,0.031071428571428573,0.2920714285714286,0.2920714285714286,0.0038857142857142853,0.0038857142857142853,0.04812857142857142,0.04812857142857142,0.03047142857142857,0.03047142857142857,0.0438,0.0438
2020-01-26,0.03687142857142857,0.03687142857142857,0.28609999999999997,0.28609999999999997,0.003857142857142857,0.003857142857142857,0.05197142857142857,0.05197142857142857,0.027342857142857144,0.027342857142857144,0.038471428571428566,0.038471428571428566
2020-02-02,0.03142857142857143,0.03142857142857143,0.3025285714285714,0.3025285714285714,0.0037285714285714283,0.0037285714285714283,0.0474,0.0474,0.019228571428571428,0.019228571428571428,0.03951428571428572,0.03951428571428572
2020-02-09,0.026457142857142856,0.026457142857142856,0.28527142857142856,0.28527142857142856,0.003442857142857143,0.003442857142857143,0.04835714285714286,0.04835714285714286,0.023799999999999998,0.023799999999999998,0.055785714285714286,0.055785714285714286
2020-02-16,0.03218571428571428,0.03218571428571428,0.2595571428571429,0.2595571428571429,0.0031714285714285716,0.0031714285714285716,0.0464,0.0464,0.019171428571428572,0.019171428571428572,0.057114285714285715,0.057114285714285715
2020-02-23,0.03265714285714286,0.03265714285714286,0.254,0.254,0.0033428571428571426,0.0033428571428571426,0.04988571428571429,0.04988571428571429,0.020871428571428572,0.020871428571428572,0.028014285714285714,0.028014285714285714
2020-03-01,0.042742857142857145,0.042742857142857145,0.2569714285714286,0.2569714285714286,0.016885714285714285,0.016885714285714285,0.0458,0.0458,0.017042857142857144,0.017042857142857144,0.021828571428571426,0.021828571428571426
2020-03-08,0.04071428571428572,0.04071428571428572,0.24857142857142858,0.24857142857142858,0.005228571428571429,0.005228571428571429,0.05637142857142857,0.05637142857142857,0.018285714285714287,0.018285714285714287,0.02402857142857143,0.02402857142857143
2020-03-15,0.035885714285714285,0.035885714285714285,0.24522857142857143,0.24522857142857143,0.011899999999999999,0.011899999999999999,0.07991428571428572,0.07991428571428572,0.048485714285714285,0.048485714285714285,0.033057142857142854,0.033057142857142854
2020-03-22,0.059257142857142855,0.059257142857142855,0.21654285714285715,0.21654285714285715,0.021857142857142856,0.021857142857142856,0.24535714285714286,0.24535714285714286,0.05962857142857143,0.05962857142857143,0.03534285714285714,0.03534285714285714
2020-03-29,0.047657142857142856,0.047657142857142856,0.2608142857142857,0.2608142857142857,0.011357142857142857,0.011357142857142857,0.2390857142857143,0.2390857142857143,0.029657142857142858,0.029657142857142858,0.04044285714285715,0.04044285714285715
2020-04-05,0.06661428571428571,0.06661428571428571,0.2645142857142857,0.2645142857142857,0.010257142857142857,0.010257142857142857,0.24237142857142854,0.24237142857142854,0.033542857142857145,0.033542857142857145,0.05374285714285714,0.05374285714285714
2020-04-12,0.0836,0.0836,0.2725,0.2725,0.010757142857142857,0.010757142857142857,0.2472285714285714,0.2472285714285714,0.02557142857142857,0.02557142857142857,0.05745714285714286,0.05745714285714286
2020-04-19,0.08045714285714287,0.08045714285714287,0.2622428571428571,0.2622428571428571,0.0103,0.0103,0.26092857142857145,0.26092857142857145,0.024085714285714287,0.024085714285714287,0.04461428571428572,0.04461428571428572
2020-04-26,0.11488571428571429,0.11488571428571429,0.27375714285714287,0.27375714285714287,0.006714285714285714,0.006714285714285714,0.24462857142857142,0.24462857142857142,0.020757142857142856,0.020757142857142856,0.0424,0.0424
2020-05-03,0.08819999999999999,0.08819999999999999,0.25597142857142857,0.25597142857142857,0.006442857142857143,0.006442857142857143,0.24094285714285713,0.24094285714285713,0.023771428571428572,0.023771428571428572,0.05424285714285714,0.05424285714285714
2020-05-10,0.09188571428571428,0.09188571428571428,0.27349999999999997,0.27349999999999997,0.006314285714285714,0.006314285714285714,0.20338571428571428,0.20338571428571428,0.022214285714285714,0.022214285714285714,0.052014285714285714,0.052014285714285714
2020-05-17,0.06967142857142858,0.06967142857142858,0.23341428571428574,0.23341428571428574,0.005314285714285714,0.005314285714285714,0.16895714285714286,0.16895714285714286,0.01834285714285714,0.01834285714285714,0.05437142857142857,0.05437142857142857
2020-05-24,0.07237142857142857,0.07237142857142857,0.24462857142857145,0.24462857142857145,0.004914285714285714,0.004914285714285714,0.15901428571428572,0.15901428571428572,0.016957142857142858,0.016957142857142858,0.03828571428571429,0.03828571428571429
2020-05-31,0.07771428571428572,0.07771428571428572,0.2569714285714286,0.2569714285714286,0.0039,0.0039,0.13694285714285714,0.13694285714285714,0.018242857142857144,0.018242857142857144,0.032157142857142856,0.032157142857142856
2020-06-07,0.06957142857142858,0.06957142857142858,0.1973,0.1973,0.004685714285714285,0.004685714285714285,0.0935142857142857,0.0935142857142857,0.014242857142857142,0.014242857142857142,0.04585714285714286,0.04585714285714286
2020-06-14,0.06981428571428572,0.06981428571428572,0.2210142857142857,0.2210142857142857,0.0091,0.0091,0.10388571428571429,0.10388571428571429,0.018228571428571427,0.018228571428571427,0.049857142857142864,0.049857142857142864
2020-06-21,0.06982857142857143,0.06982857142857143,0.23937142857142857,0.23937142857142857,0.0036857142857142852,0.0036857142857142852,0.08257142857142856,0.08257142857142856,0.013371428571428572,0.013371428571428572,0.029957142857142856,0.029957142857142856
2020-06-28,0.048728571428571434,0.048728571428571434,0.2165857142857143,0.2165857142857143,0.004542857142857143,0.004542857142857143,0.08130000000000001,0.08130000000000001,0.014,0.014,0.02997142857142857,0.02997142857142857
2020-07-05,0.06285714285714286,0.06285714285714286,0.2255,0.2255,0.004957142857142856,0.004957142857142856,0.09082857142857144,0.09082857142857144,0.011642857142857144,0.011642857142857144,0.04242857142857143,0.04242857142857143
2020-07-12,0.06651428571428572,0.06651428571428572,0.21268571428571428,0.21268571428571428,0.007171428571428571,0.007171428571428571,0.0856,0.0856,0.013385714285714287,0.013385714285714287,0.0333,0.0333
2020-07-19,0.07905714285714285,0.07905714285714285,0.22431428571428572,0.22431428571428572,0.0054714285714285715,0.0054714285714285715,0.08092857142857143,0.08092857142857143,0.011800000000000001,0.011800000000000001,0.031285714285714285,0.031285714285714285
2020-07-26,0.07127142857142857,0.07127142857142857,0.28814285714285715,0.28814285714285715,0.0035,0.0035,0.10922857142857142,0.10922857142857142,0.011642857142857144,0.011642857142857144,0.025442857142857146,0.025442857142857146
2020-08-02,0.0730857142857143,0.0730857142857143,0.2757142857142857,0.2757142857142857,0.005142857142857143,0.005142857142857143,0.14212857142857144,0.14212857142857144,0.016085714285714287,0.016085714285714287,0.029942857142857143,0.029942857142857143
2020-08-09,0.054471428571428566,0.054471428571428566,0.2805,0.2805,0.004742857142857143,0.004742857142857143,0.09764285714285714,0.09764285714285714,0.021014285714285715,0.021014285714285715,0.03825714285714286,0.03825714285714286
2020-08-16,0.0584,0.0584,0.25205714285714287,0.25205714285714287,0.005442857142857143,0.005442857142857143,0.08787142857142857,0.08787142857142857,0.029285714285714286,0.029285714285714286,0.04815714285714286,0.04815714285714286
2020-08-23,0.050185714285714285,0.050185714285714285,0.2938142857142857,0.2938142857142857,0.01367142857142857,0.01367142857142857,0.08007142857142857,0.08007142857142857,0.01817142857142857,0.01817142857142857,0.026414285714285717,0.026414285714285717
2020-08-30,0.061857142857142854,0.061857142857142854,0.32104285714285713,0.32104285714285713,0.004928571428571429,0.004928571428571429,0.07392857142857143,0.07392857142857143,0.019971428571428574,0.019971428571428574,0.021657142857142857,0.021657142857142857
2020-09-06,0.06898571428571429,0.06898571428571429,0.2738714285714286,0.2738714285714286,0.0044714285714285715,0.0044714285714285715,0.0824142857142857,0.0824142857142857,0.03227142857142857,0.03227142857142857,0.04044285714285715,0.04044285714285715
2020-09-13,0.07442857142857143,0.07442857142857143,0.23900000000000002,0.23900000000000002,0.004685714285714286,0.004685714285714286,0.07707142857142857,0.07707142857142857,0.025471428571428572,0.025471428571428572,0.029185714285714287,0.029185714285714287
2020-09-20,0.1027,0.1027,0.27654285714285715,0.27654285714285715,0.004571428571428572,0.004571428571428572,0.07622857142857142,0.07622857142857142,0.022685714285714285,0.022685714285714285,0.031642857142857146,0.031642857142857146
2020-09-27,0.05964285714285714,0.05964285714285714,0.28824285714285713,0.28824285714285713,0.007657142857142856,0.007657142857142856,0.07835714285714286,0.07835714285714286,0.016685714285714286,0.016685714285714286,0.022114285714285715,0.022114285714285715
2020-10-04,0.06755714285714286,0.06755714285714286,0.2647,0.2647,0.003642857142857143,0.003642857142857143,0.07998571428571428,0.07998571428571428,0.01622857142857143,0.01622857142857143,0.0212,0.0212
2020-10-11,0.09518571428571429,0.09518571428571429,0.23754285714285714,0.23754285714285714,0.003342857142857143,0.003342857142857143,0.10108571428571429,0.10108571428571429,0.013300000000000001,0.013300000000000001,0.0399,0.0399
2020-10-18,0.08802857142857143,0.08802857142857143,0.23645714285714287,0.23645714285714287,0.004185714285714286,0.004185714285714286,0.0779857142857143,0.0779857142857143,0.014185714285714286,0.014185714285714286,0.042314285714285714,0.042314285714285714
2020-10-25,0.0679,0.0679,0.2781166666666666,0.2781166666666666,0.0041,0.0041,0.07378333333333333,0.07378333333333333,0.011966666666666667,0.011966666666666667,0.029366666666666666,0.029366666666666666
2020-11-01,0.05552857142857143,0.05552857142857143,0.2610571428571428,0.2610571428571428,0.0029142857142857143,0.0029142857142857143,0.07242857142857143,0.07242857142857143,0.010428571428571428,0.010428571428571428,0.02784285714285714,0.02784285714285714
2020-11-08,0.03322857142857143,0.03322857142857143,0.21905714285714287,0.21905714285714287,0.0021285714285714285,0.0021285714285714285,0.05998571428571429,0.05998571428571429,0.010971428571428571,0.010971428571428571,0.025871428571428573,0.025871428571428573
2020-11-15,0.04315714285714285,0.04315714285714285,0.2109,0.2109,0.002157142857142857,0.002157142857142857,0.07678571428571428,0.07678571428571428,0.017842857142857143,0.017842857142857143,0.03705714285714286,0.03705714285714286
2020-11-22,0.06252857142857143,0.06252857142857143,0.26685714285714285,0.26685714285714285,0.0023428571428571426,0.0023428571428571426,0.1214857142857143,0.1214857142857143,0.01662857142857143,0.01662857142857143,0.03347142857142857,0.03347142857142857
2020-11-29,0.08122857142857143,0.08122857142857143,0.2627857142857143,0.2627857142857143,0.0057857142857142855,0.0057857142857142855,0.1631,0.1631,0.014857142857142857,0.014857142857142857,0.026257142857142857,0.026257142857142857
2020-12-06,0.0897,0.0897,0.2429285714285714,0.2429285714285714,0.005942857142857143,0.005942857142857143,0.13734285714285716,0.13734285714285716,0.010371428571428571,0.010371428571428571,0.04902857142857143,0.04902857142857143
2020-12-13,0.10174285714285713,0.10174285714285713,0.25405714285714287,0.25405714285714287,0.0054285714285714284,0.0054285714285714284,0.13742857142857143,0.13742857142857143,0.012014285714285715,0.012014285714285715,0.09689999999999999,0.09689999999999999
2020-12-20,0.10387142857142857,0.10387142857142857,0.2824857142857143,0.2824857142857143,0.004028571428571428,0.004028571428571428,0.13795714285714286,0.13795714285714286,0.010899999999999998,0.010899999999999998,0.11261428571428571,0.11261428571428571
2020-12-27,0.06768571428571428,0.06768571428571428,0.31965714285714286,0.31965714285714286,0.0030714285714285717,0.0030714285714285717,0.16564285714285715,0.16564285714285715,0.013428571428571429,0.013428571428571429,0.037585714285714285,0.037585714285714285
2021-01-03,0.06205714285714286,0.06205714285714286,0.3383857142857143,0.3383857142857143,0.0030714285714285713,0.0030714285714285713,0.1441142857142857,0.1441142857142857,0.012657142857142856,0.012657142857142856,0.029714285714285714,0.029714285714285714
2021-01-10,0.045771428571428574,0.045771428571428574,0.2679142857142857,0.2679142857142857,0.0036999999999999997,0.0036999999999999997,0.07527142857142857,0.07527142857142857,0.0123,0.0123,0.03451428571428571,0.03451428571428571
2021-01-17,0.04682857142857143,0.04682857142857143,0.3390571428571429,0.3390571428571429,0.005685714285714286,0.005685714285714286,0.07432857142857142,0.07432857142857142,0.016428571428571428,0.016428571428571428,0.04364285714285714,0.04364285714285714
2021-01-24,0.056628571428571424,0.056628571428571424,0.27235714285714285,0.27235714285714285,0.0030142857142857146,0.0030142857142857146,0.09537142857142857,0.09537142857142857,0.014571428571428572,0.014571428571428572,0.0408,0.0408
2021-01-31,0.06442857142857143,0.06442857142857143,0.2651142857142857,0.2651142857142857,0.003942857142857143,0.003942857142857143,0.05991428571428571,0.05991428571428571,0.011928571428571429,0.011928571428571429,0.047999999999999994,0.047999999999999994
2021-02-07,0.0677,0.0677,0.32945714285714284,0.32945714285714284,0.006899999999999999,0.006899999999999999,0.06771428571428571,0.06771428571428571,0.010900000000000002,0.010900000000000002,0.05601428571428572,0.05601428571428572
2021-02-14,0.06878571428571428,0.06878571428571428,0.42382857142857144,0.42382857142857144,0.005042857142857142,0.005042857142857142,0.0711,0.0711,0.008228571428571429,0.008228571428571429,0.04738571428571429,0.04738571428571429
2021-02-21,0.05932857142857143,0.05932857142857143,0.4980857142857143,0.4980857142857143,0.008228571428571429,0.008228571428571429,0.09631428571428571,0.09631428571428571,0.009628571428571429,0.009628571428571429,0.05362857142857143,0.05362857142857143
2021-02-28,0.08008571428571429,0.08008571428571429,0.39584285714285716,0.39584285714285716,0.007642857142857143,0.007642857142857143,0.15355714285714286,0.15355714285714286,0.01615714285714286,0.01615714285714286,0.035942857142857144,0.035942857142857144
2021-03-07,0.06915714285714286,0.06915714285714286,0.29882857142857144,0.29882857142857144,0.007728571428571429,0.007728571428571429,0.08891428571428572,0.08891428571428572,0.019571428571428573,0.019571428571428573,0.04642857142857143,0.04642857142857143
2021-03-14,0.09267142857142856,0.09267142857142856,0.2747857142857143,0.2747857142857143,0.010842857142857142,0.010842857142857142,0.08254285714285714,0.08254285714285714,0.016957142857142858,0.016957142857142858,0.0683,0.0683
2021-03-21,0.08694285714285714,0.08694285714285714,0.28168571428571426,0.28168571428571426,0.005928571428571429,0.005928571428571429,0.08252857142857142,0.08252857142857142,0.012185714285714286,0.012185714285714286,0.05228571428571428,0.05228571428571428
2021-03-28,0.07951428571428572,0.07951428571428572,0.26554285714285714,0.26554285714285714,0.005285714285714285,0.005285714285714285,0.08821428571428572,0.08821428571428572,0.009714285714285715,0.009714285714285715,0.037899999999999996,0.037899999999999996
2021-04-04,0.06907142857142858,0.06907142857142858,0.3151857142857143,0.3151857142857143,0.004242857142857143,0.004242857142857143,0.06925714285714286,0.06925714285714286,0.010942857142857143,0.010942857142857143,0.045599999999999995,0.045599999999999995
2021-04-11,0.07777142857142857,0.07777142857142857,0.27795714285714285,0.27795714285714285,0.004357142857142857,0.004357142857142857,0.07189999999999999,0.07189999999999999,0.016928571428571428,0.016928571428571428,0.05791428571428571,0.05791428571428571
2021-04-18,0.0713,0.0713,0.2515,0.2515,0.0054285714285714284,0.0054285714285714284,0.0637,0.0637,0.01012857142857143,0.01012857142857143,0.0442,0.0442
2021-04-25,0.07918571428571429,0.07918571428571429,0.2857142857142857,0.2857142857142857,0.0064857142857142865,0.0064857142857142865,0.06935714285714285,0.06935714285714285,0.015371428571428572,0.015371428571428572,0.0424,0.0424
2021-05-02,0.07827142857142858,0.07827142857142858,0.3278714285714286,0.3278714285714286,0.007285714285714285,0.007285714285714285,0.07827142857142858,0.07827142857142858,0.014857142857142857,0.014857142857142857,0.04732857142857143,0.04732857142857143
2021-05-09,0.08784285714285714,0.08784285714285714,0.30638571428571426,0.30638571428571426,0.004742857142857143,0.004742857142857143,0.06712857142857144,0.06712857142857144,0.0154,0.0154,0.043185714285714286,0.043185714285714286
2021-05-16,0.056485714285714285,0.056485714285714285,0.27492857142857147,0.27492857142857147,0.005357142857142857,0.005357142857142857,0.07238571428571429,0.07238571428571429,0.028142857142857143,0.028142857142857143,0.07024285714285715,0.07024285714285715
2021-05-23,0.06498571428571429,0.06498571428571429,0.2646857142857143,0.2646857142857143,0.005642857142857143,0.005642857142857143,0.05934285714285714,0.05934285714285714,0.018714285714285715,0.018714285714285715,0.04412857142857143,0.04412857142857143
2021-05-30,0.06904285714285714,0.06904285714285714,0.27677142857142856,0.27677142857142856,0.008614285714285715,0.008614285714285715,0.05872857142857143,0.05872857142857143,0.012657142857142856,0.012657142857142856,0.04405714285714286,0.04405714285714286
2021-06-06,0.07081428571428572,0.07081428571428572,0.25498571428571426,0.25498571428571426,0.006057142857142857,0.006057142857142857,0.06151428571428571,0.06151428571428571,0.010985714285714284,0.010985714285714284,0.062342857142857144,0.062342857142857144
2021-06-13,0.08224285714285715,0.08224285714285715,0.24575714285714284,0.24575714285714284,0.007842857142857143,0.007842857142857143,0.06318571428571428,0.06318571428571428,0.011871428571428571,0.011871428571428571,0.07532857142857143,0.07532857142857143
2021-06-20,0.062285714285714285,0.062285714285714285,0.36304285714285717,0.36304285714285717,0.005942857142857143,0.005942857142857143,0.05505714285714285,0.05505714285714285,0.010942857142857143,0.010942857142857143,0.06157142857142857,0.06157142857142857
2021-06-27,0.0683,0.0683,0.3874714285714286,0.3874714285714286,0.0033857142857142857,0.0033857142857142857,0.05227142857142857,0.05227142857142857,0.008985714285714286,0.008985714285714286,0.04874285714285714,0.04874285714285714
2021-07-04,0.05558571428571429,0.05558571428571429,0.32060000000000005,0.32060000000000005,0.004757142857142857,0.004757142857142857,0.05278571428571428,0.05278571428571428,0.013528571428571428,0.013528571428571428,0.05744285714285714,0.05744285714285714
2021-07-11,0.059871428571428575,0.059871428571428575,0.27567142857142857,0.27567142857142857,0.003742857142857143,0.003742857142857143,0.042742857142857145,0.042742857142857145,0.009414285714285714,0.009414285714285714,0.07194285714285716,0.07194285714285716
2021-07-18,0.07968571428571429,0.07968571428571429,0.3055428571428571,0.3055428571428571,0.005242857142857142,0.005242857142857142,0.059114285714285716,0.059114285714285716,0.009999999999999998,0.009999999999999998,0.08257142857142856,0.08257142857142856
2021-07-25,0.04851428571428572,0.04851428571428572,0.2904285714285714,0.2904285714285714,0.004857142857142858,0.004857142857142858,0.06654285714285714,0.06654285714285714,0.015557142857142856,0.015557142857142856,0.053214285714285714,0.053214285714285714
2021-08-01,0.05507142857142857,0.05507142857142857,0.2851142857142857,0.2851142857142857,0.005328571428571428,0.005328571428571428,0.05734285714285714,0.05734285714285714,0.010157142857142856,0.010157142857142856,0.05754285714285714,0.05754285714285714
2021-08-08,0.0554,0.0554,0.29422857142857145,0.29422857142857145,0.009857142857142858,0.009857142857142858,0.050757142857142855,0.050757142857142855,0.008285714285714287,0.008285714285714287,0.05665714285714286,0.05665714285714286
2021-08-15,0.06977142857142857,0.06977142857142857,0.2908428571428571,0.2908428571428571,0.008014285714285715,0.008014285714285715,0.04298571428571429,0.04298571428571429,0.010471428571428573,0.010471428571428573,0.07332857142857142,0.07332857142857142
2021-08-22,0.07877142857142858,0.07877142857142858,0.3363285714285714,0.3363285714285714,0.0037285714285714287,0.0037285714285714287,0.044457142857142855,0.044457142857142855,0.013185714285714285,0.013185714285714285,0.078,0.078
2021-08-29,0.04762857142857143,0.04762857142857143,0.26645714285714284,0.26645714285714284,0.0036428571428571426,0.0036428571428571426,0.06318571428571428,0.06318571428571428,0.016842857142857142,0.016842857142857142,0.06134285714285714,0.06134285714285714
2021-09-05,0.06445714285714285,0.06445714285714285,0.28532857142857143,0.28532857142857143,0.004185714285714286,0.004185714285714286,0.06665714285714285,0.06665714285714285,0.014514285714285714,0.014514285714285714,0.07838571428571428,0.07838571428571428
2021-09-12,0.06888571428571429,0.06888571428571429,0.2961714285714286,0.2961714285714286,0.0035,0.0035,0.05442857142857143,0.05442857142857143,0.017585714285714284,0.017585714285714284,0.07052857142857143,0.07052857142857143
2021-09-19,0.05304285714285715,0.05304285714285715,0.30278571428571427,0.30278571428571427,0.0033857142857142857,0.0033857142857142857,0.05854285714285714,0.05854285714285714,0.012485714285714286,0.012485714285714286,0.08009999999999999,0.08009999999999999
2021-09-26,0.06698571428571429,0.06698571428571429,0.2938571428571429,0.2938571428571429,0.00877142857142857,0.00877142857142857,0.05834285714285714,0.05834285714285714,0.011714285714285715,0.011714285714285715,0.07435714285714286,0.07435714285714286
2021-10-03,0.0638,0.0638,0.2998857142857143,0.2998857142857143,0.0064285714285714285,0.0064285714285714285,0.06188571428571428,0.06188571428571428,0.014457142857142858,0.014457142857142858,0.07817142857142857,0.07817142857142857
2021-10-10,0.06468571428571428,0.06468571428571428,0.2792428571428571,0.2792428571428571,0.004042857142857142,0.004042857142857142,0.06111428571428571,0.06111428571428571,0.01167142857142857,0.01167142857142857,0.08678571428571429,0.08678571428571429
2021-10-17,0.09217142857142857,0.09217142857142857,0.27535714285714286,0.27535714285714286,0.0064285714285714285,0.0064285714285714285,0.0661,0.0661,0.013300000000000001,0.013300000000000001,0.11345714285714285,0.11345714285714285
2021-10-24,0.09154285714285715,0.09154285714285715,0.27767142857142857,0.27767142857142857,0.0037142857142857147,0.0037142857142857147,0.06485714285714285,0.06485714285714285,0.011800000000000001,0.011800000000000001,0.09644285714285715,0.09644285714285715
2021-10-31,0.07287142857142857,0.07287142857142857,0.3046714285714286,0.3046714285714286,0.0031,0.0031,0.06355714285714285,0.06355714285714285,0.011,0.011,0.0798857142857143,0.0798857142857143
2021-11-07,0.06901428571428572,0.06901428571428572,0.3074571428571429,0.3074571428571429,0.004242857142857143,0.004242857142857143,0.07197142857142858,0.07197142857142858,0.009442857142857143,0.009442857142857143,0.09402857142857143,0.09402857142857143
2021-11-14,0.0988,0.0988,0.27517142857142857,0.27517142857142857,0.009128571428571429,0.009128571428571429,0.09078571428571428,0.09078571428571428,0.018657142857142855,0.018657142857142855,0.1543857142857143,0.1543857142857143
2021-11-21,0.09382857142857144,0.09382857142857144,0.3198857142857143,0.3198857142857143,0.016014285714285714,0.016014285714285714,0.12127142857142857,0.12127142857142857,0.011928571428571429,0.011928571428571429,0.1014,0.1014
2021-11-28,0.08877142857142858,0.08877142857142858,0.3232857142857143,0.3232857142857143,0.003,0.003,0.11381428571428572,0.11381428571428572,0.014985714285714285,0.014985714285714285,0.09725714285714285,0.09725714285714285
2021-12-05,0.07110000000000001,0.07110000000000001,0.2967857142857143,0.2967857142857143,0.004014285714285714,0.004014285714285714,0.10132857142857143,0.10132857142857143,0.023771428571428575,0.023771428571428575,0.08311428571428571,0.08311428571428571
2021-12-12,0.05865714285714285,0.05865714285714285,0.25824285714285716,0.25824285714285716,0.0043,0.0043,0.0819,0.0819,0.010457142857142858,0.010457142857142858,0.09670000000000001,0.09670000000000001
2021-12-19,0.06188571428571428,0.06188571428571428,0.2922285714285714,0.2922285714285714,0.003514285714285714,0.003514285714285714,0.07710000000000002,0.07710000000000002,0.012342857142857143,0.012342857142857143,0.0925,0.0925
2021-12-26,0.07034285714285714,0.07034285714285714,0.31951428571428575,0.31951428571428575,0.0031142857142857144,0.0031142857142857144,0.08244285714285714,0.08244285714285714,0.01352857142857143,0.01352857142857143,0.07367142857142858,0.07367142857142858
2022-01-02,0.04994285714285714,0.04994285714285714,0.3187857142857143,0.3187857142857143,0.003314285714285714,0.003314285714285714,0.0656,0.0656,0.010400000000000001,0.010400000000000001,0.07899999999999999,0.07899999999999999
2022-01-09,0.03848571428571428,0.03848571428571428,0.2889714285714286,0.2889714285714286,0.0037142857142857147,0.0037142857142857147,0.053700000000000005,0.053700000000000005,0.011414285714285714,0.011414285714285714,0.133,0.133
2022-01-16,0.05592857142857143,0.05592857142857143,0.2836857142857143,0.2836857142857143,0.0037857142857142855,0.0037857142857142855,0.05280000000000001,0.05280000000000001,0.011814285714285713,0.011814285714285713,0.11287142857142858,0.11287142857142858
2022-01-23,0.04994285714285714,0.04994285714285714,0.27677142857142856,0.27677142857142856,0.0037285714285714283,0.0037285714285714283,0.08030000000000001,0.08030000000000001,0.0128,0.0128,0.10048571428571429,0.10048571428571429
2022-01-30,0.05291428571428571,0.05291428571428571,0.2974,0.2974,0.0032285714285714283,0.0032285714285714283,0.061228571428571424,0.061228571428571424,0.0128,0.0128,0.0855,0.0855
2022-02-06,0.06047142857142857,0.06047142857142857,0.38602857142857144,0.38602857142857144,0.003985714285714286,0.003985714285714286,0.057857142857142864,0.057857142857142864,0.017614285714285714,0.017614285714285714,0.12477142857142856,0.12477142857142856
2022-02-13,0.05311428571428572,0.05311428571428572,0.2524142857142857,0.2524142857142857,0.0041571428571428575,0.0041571428571428575,0.04937142857142857,0.04937142857142857,0.014357142857142858,0.014357142857142858,0.12202857142857142,0.12202857142857142
2022-02-20,0.053271428571428574,0.053271428571428574,0.26765714285714287,0.26765714285714287,0.006600000000000001,0.006600000000000001,0.04865714285714286,0.04865714285714286,0.010914285714285713,0.010914285714285713,0.11088571428571428,0.11088571428571428
2022-02-27,0.06861428571428571,0.06861428571428571,0.22284285714285715,0.22284285714285715,0.006714285714285714,0.006714285714285714,0.04234285714285714,0.04234285714285714,0.008057142857142856,0.008057142857142856,0.18857142857142858,0.18857142857142858
2022-03-06,0.06924285714285715,0.06924285714285715,0.1977857142857143,0.1977857142857143,0.006057142857142857,0.006057142857142857,0.04731428571428571,0.04731428571428571,0.011471428571428572,0.011471428571428572,0.14915714285714285,0.14915714285714285
2022-03-13,0.07791428571428571,0.07791428571428571,0.2185857142857143,0.2185857142857143,0.0046,0.0046,0.05311428571428572,0.05311428571428572,0.01242857142857143,0.01242857142857143,0.27490000000000003,0.27490000000000003
2022-03-20,0.07155714285714286,0.07155714285714286,0.23090000000000002,0.23090000000000002,0.004457142857142857,0.004457142857142857,0.06732857142857143,0.06732857142857143,0.010528571428571429,0.010528571428571429,0.26825714285714286,0.26825714285714286
2022-03-27,0.07348571428571428,0.07348571428571428,0.21117142857142857,0.21117142857142857,0.004214285714285715,0.004214285714285715,0.08637142857142857,0.08637142857142857,0.0194,0.0194,0.24421428571428572,0.24421428571428572
2022-04-03,0.075,0.075,0.24594285714285716,0.24594285714285716,0.0049,0.0049,0.0645,0.0645,0.010900000000000002,0.010900000000000002,0.27877142857142856,0.27877142857142856
2022-04-10,0.06887142857142857,0.06887142857142857,0.23754285714285714,0.23754285714285714,0.0057857142857142855,0.0057857142857142855,0.06684285714285713,0.06684285714285713,0.013814285714285715,0.013814285714285715,0.30874285714285715,0.30874285714285715
2022-04-17,0.09792857142857143,0.09792857142857143,0.24471428571428572,0.24471428571428572,0.006885714285714286,0.006885714285714286,0.0874,0.0874,0.012514285714285714,0.012514285714285714,0.3198142857142857,0.3198142857142857
2022-04-24,0.10302857142857143,0.10302857142857143,0.24621428571428572,0.24621428571428572,0.0044,0.0044,0.07038571428571429,0.07038571428571429,0.009771428571428572,0.009771428571428572,0.24464285714285716,0.24464285714285716
2022-05-01,0.0622,0.0622,0.2520857142857143,0.2520857142857143,0.007771428571428572,0.007771428571428572,0.0683,0.0683,0.012942857142857143,0.012942857142857143,0.2243,0.2243
2022-05-08,0.09687142857142857,0.09687142857142857,0.27334285714285717,0.27334285714285717,0.0096,0.0096,0.05794285714285714,0.05794285714285714,0.012742857142857143,0.012742857142857143,0.28168571428571426,0.28168571428571426
2022-05-15,0.10534285714285715,0.10534285714285715,0.28637142857142855,0.28637142857142855,0.07958571428571429,0.07958571428571429,0.08504285714285716,0.08504285714285716,0.016485714285714288,0.016485714285714288,0.2840142857142857,0.2840142857142857
2022-05-22,0.1691,0.1691,0.2408857142857143,0.2408857142857143,0.09361428571428572,0.09361428571428572,0.09357142857142857,0.09357142857142857,0.01257142857142857,0.01257142857142857,0.31644285714285714,0.31644285714285714
2022-05-29,0.14555714285714286,0.14555714285714286,0.2956142857142857,0.2956142857142857,0.05198571428571429,0.05198571428571429,0.05602857142857143,0.05602857142857143,0.015485714285714285,0.015485714285714285,0.29874285714285714,0.29874285714285714
2022-06-05,0.09427142857142858,0.09427142857142858,0.23905714285714286,0.23905714285714286,0.03412857142857143,0.03412857142857143,0.0626,0.0626,0.020514285714285714,0.020514285714285714,0.3143285714285714,0.3143285714285714
2022-06-12,0.1379142857142857,0.1379142857142857,0.2766571428571428,0.2766571428571428,0.019642857142857146,0.019642857142857146,0.078,0.078,0.01565714285714286,0.01565714285714286,0.35018571428571427,0.35018571428571427
2022-06-19,0.12748571428571429,0.12748571428571429,0.2386857142857143,0.2386857142857143,0.011757142857142857,0.011757142857142857,0.060385714285714286,0.060385714285714286,0.024042857142857144,0.024042857142857144,0.33264285714285713,0.33264285714285713
2022-06-26,0.10732857142857144,0.10732857142857144,0.2293857142857143,0.2293857142857143,0.011828571428571428,0.011828571428571428,0.050671428571428576,0.050671428571428576,0.020357142857142855,0.020357142857142855,0.34404285714285715,0.34404285714285715
2022-07-03,0.11735714285714285,0.11735714285714285,0.27978571428571425,0.27978571428571425,0.010342857142857141,0.010342857142857141,0.04887142857142857,0.04887142857142857,0.019542857142857143,0.019542857142857143,0.2855142857142857,0.2855142857142857
2022-07-10,0.10314285714285713,0.10314285714285713,0.3432857142857143,0.3432857142857143,0.009842857142857143,0.009842857142857143,0.07409999999999999,0.07409999999999999,0.01297142857142857,0.01297142857142857,0.27497142857142853,0.27497142857142853
2022-07-17,0.14155714285714285,0.14155714285714285,0.26657142857142857,0.26657142857142857,0.008528571428571429,0.008528571428571429,0.07808571428571429,0.07808571428571429,0.01167142857142857,0.01167142857142857,0.3702857142857143,0.3702857142857143
2022-07-24,0.13002857142857144,0.13002857142857144,0.3132857142857143,0.3132857142857143,0.007057142857142857,0.007057142857142857,0.0628857142857143,0.0628857142857143,0.012557142857142859,0.012557142857142859,0.3116285714285714,0.3116285714285714
2022-07-31,0.09552857142857142,0.09552857142857142,0.2992857142857143,0.2992857142857143,0.006928571428571429,0.006928571428571429,0.0834,0.0834,0.0244,0.0244,0.2860714285714286,0.2860714285714286
2022-08-07,0.1019,0.1019,0.24644285714285716,0.24644285714285716,0.011814285714285713,0.011814285714285713,0.08127142857142856,0.08127142857142856,0.015285714285714286,0.015285714285714286,0.2823142857142857,0.2823142857142857
2022-08-14,0.09508571428571429,0.09508571428571429,0.27568571428571426,0.27568571428571426,0.006957142857142857,0.006957142857142857,0.07812857142857144,0.07812857142857144,0.020514285714285714,0.020514285714285714,0.25704285714285713,0.25704285714285713
2022-08-21,0.09625714285714285,0.09625714285714285,0.2808,0.2808,0.007642857142857143,0.007642857142857143,0.0827,0.0827,0.01962857142857143,0.01962857142857143,0.2636428571428571,0.2636428571428571
2022-08-28,0.09591428571428572,0.09591428571428572,0.2688857142857143,0.2688857142857143,0.012357142857142858,0.012357142857142858,0.0769857142857143,0.0769857142857143,0.02154285714285714,0.02154285714285714,0.2072,0.2072
2022-09-04,0.0974,0.0974,0.34615714285714283,0.34615714285714283,0.014485714285714286,0.014485714285714286,0.06677142857142856,0.06677142857142856,0.026400000000000003,0.026400000000000003,0.17975714285714287,0.17975714285714287
2022-09-11,0.09648571428571429,0.09648571428571429,0.2787428571428571,0.2787428571428571,0.006228571428571429,0.006228571428571429,0.057614285714285715,0.057614285714285715,0.019442857142857144,0.019442857142857144,0.1923,0.1923
2022-09-18,0.12255714285714285,0.12255714285714285,0.2783285714285714,0.2783285714285714,0.005028571428571429,0.005028571428571429,0.06388571428571428,0.06388571428571428,0.02214285714285714,0.02214285714285714,0.23407142857142857,0.23407142857142857
2022-09-25,0.14834285714285714,0.14834285714285714,0.3048285714285714,0.3048285714285714,0.006971428571428571,0.006971428571428571,0.06094285714285714,0.06094285714285714,0.014328571428571428,0.014328571428571428,0.2347142857142857,0.2347142857142857
2022-10-02,0.1507285714285714,0.1507285714285714,0.3347857142857143,0.3347857142857143,0.03202857142857143,0.03202857142857143,0.08454285714285714,0.08454285714285714,0.017128571428571427,0.017128571428571427,0.19084285714285715,0.19084285714285715
2022-10-09,0.11682857142857142,0.11682857142857142,0.31434285714285715,0.31434285714285715,0.005971428571428571,0.005971428571428571,0.09757142857142857,0.09757142857142857,0.014614285714285715,0.014614285714285715,0.1719,0.1719
2022-10-16,0.12294285714285715,0.12294285714285715,0.3077857142857143,0.3077857142857143,0.007414285714285714,0.007414285714285714,0.07484285714285714,0.07484285714285714,0.022271428571428574,0.022271428571428574,0.23038571428571428,0.23038571428571428
2022-10-23,0.11140000000000001,0.11140000000000001,0.3807285714285714,0.3807285714285714,0.006657142857142856,0.006657142857142856,0.07627142857142857,0.07627142857142857,0.0144,0.0144,0.23632857142857142,0.23632857142857142
2022-10-30,0.11105714285714285,0.11105714285714285,0.3225285714285714,0.3225285714285714,0.0067714285714285715,0.0067714285714285715,0.07661428571428572,0.07661428571428572,0.016071428571428573,0.016071428571428573,0.2440857142857143,0.2440857142857143
2022-11-06,0.1185857142857143,0.1185857142857143,0.3484428571428571,0.3484428571428571,0.005314285714285714,0.005314285714285714,0.0925142857142857,0.0925142857142857,0.014457142857142858,0.014457142857142858,0.3107428571428571,0.3107428571428571
2022-11-13,0.13017142857142858,0.13017142857142858,0.3580571428571429,0.3580571428571429,0.009871428571428571,0.009871428571428571,0.0841,0.0841,0.014771428571428573,0.014771428571428573,0.23305714285714285,0.23305714285714285
2022-11-20,0.13104285714285716,0.13104285714285716,0.35564285714285715,0.35564285714285715,0.0111,0.0111,0.12074285714285714,0.12074285714285714,0.018385714285714286,0.018385714285714286,0.23062857142857143,0.23062857142857143
2022-11-27,0.09860000000000001,0.09860000000000001,0.3703285714285714,0.3703285714285714,0.0044,0.0044,0.15219999999999997,0.15219999999999997,0.015,0.015,0.155,0.155
2022-12-04,0.10761428571428573,0.10761428571428573,0.33825714285714287,0.33825714285714287,0.003942857142857143,0.003942857142857143,0.12744285714285714,0.12744285714285714,0.016257142857142855,0.016257142857142855,0.14545714285714287,0.14545714285714287
2022-12-11,0.08622857142857143,0.08622857142857143,0.41232857142857143,0.41232857142857143,0.006242857142857143,0.006242857142857143,0.11108571428571427,0.11108571428571427,0.014342857142857143,0.014342857142857143,0.15342857142857144,0.15342857142857144
2022-12-18,0.0899857142857143,0.0899857142857143,0.45128571428571423,0.45128571428571423,0.005285714285714285,0.005285714285714285,0.13064285714285714,0.13064285714285714,0.012814285714285714,0.012814285714285714,0.2136,0.2136
2022-12-25,0.0844,0.0844,0.406,0.406,0.006385714285714286,0.006385714285714286,0.13434285714285715,0.13434285714285715,0.013185714285714285,0.013185714285714285,0.1657,0.1657
2023-01-01,0.06487142857142857,0.06487142857142857,0.4230714285714286,0.4230714285714286,0.0054142857142857135,0.0054142857142857135,0.1222,0.1222,0.020485714285714284,0.020485714285714284,0.18187142857142855,0.18187142857142855
2023-01-08,0.0677,0.0677,0.4771142857142857,0.4771142857142857,0.005328571428571428,0.005328571428571428,0.059314285714285715,0.059314285714285715,0.011800000000000001,0.011800000000000001,0.2149,0.2149
2023-01-15,0.07445714285714286,0.07445714285714286,0.33094285714285715,0.33094285714285715,0.0077428571428571425,0.0077428571428571425,0.0775,0.0775,0.017557142857142858,0.017557142857142858,0.18782857142857143,0.18782857142857143
2023-01-22,0.102,0.102,0.4069857142857143,0.4069857142857143,0.006971428571428571,0.006971428571428571,0.08355714285714286,0.08355714285714286,0.021785714285714287,0.021785714285714287,0.17918571428571428,0.17918571428571428
2023-01-29,0.09088571428571428,0.09088571428571428,0.38731428571428567,0.38731428571428567,0.007985714285714285,0.007985714285714285,0.05495714285714286,0.05495714285714286,0.027985714285714284,0.027985714285714284,0.16060000000000002,0.16060000000000002
2023-02-05,0.07510000000000001,0.07510000000000001,0.3874285714285714,0.3874285714285714,0.0063,0.0063,0.06047142857142857,0.06047142857142857,0.02557142857142857,0.02557142857142857,0.16822857142857142,0.16822857142857142
2023-02-12,0.08377142857142858,0.08377142857142858,0.3489714285714286,0.3489714285714286,0.0048,0.0048,0.08082857142857143,0.08082857142857143,0.024628571428571427,0.024628571428571427,0.15551428571428572,0.15551428571428572
2023-02-19,0.09345714285714286,0.09345714285714286,0.318,0.318,0.005514285714285715,0.005514285714285715,0.05771428571428572,0.05771428571428572,0.027814285714285715,0.027814285714285715,0.17117142857142856,0.17117142857142856
2023-02-26,0.10388571428571429,0.10388571428571429,0.31708571428571425,0.31708571428571425,0.011371428571428572,0.011371428571428572,0.06771428571428571,0.06771428571428571,0.020900000000000002,0.020900000000000002,0.19358571428571428,0.19358571428571428
2023-03-05,0.10944285714285715,0.10944285714285715,0.33535714285714285,0.33535714285714285,0.006957142857142857,0.006957142857142857,0.08008571428571429,0.08008571428571429,0.017785714285714287,0.017785714285714287,0.18385714285714286,0.18385714285714286
2023-03-12,0.07502857142857143,0.07502857142857143,0.38795714285714283,0.38795714285714283,0.006900000000000001,0.006900000000000001,0.06201428571428572,0.06201428571428572,0.02705714285714286,0.02705714285714286,0.17271428571428574,0.17271428571428574
2023-03-19,0.07682857142857144,0.07682857142857144,0.3672857142857143,0.3672857142857143,0.005942857142857143,0.005942857142857143,0.06244285714285714,0.06244285714285714,0.03737142857142857,0.03737142857142857,0.20288571428571428,0.20288571428571428
2023-03-26,0.10996666666666667,0.10996666666666667,0.3400666666666667,0.3400666666666667,0.008233333333333334,0.008233333333333334,0.07768333333333333,0.07768333333333333,0.021266666666666666,0.021266666666666666,0.17798333333333335,0.17798333333333335
2023-04-02,0.07328571428571429,0.07328571428571429,0.2789285714285714,0.2789285714285714,0.007785714285714286,0.007785714285714286,0.07632857142857143,0.07632857142857143,0.020414285714285715,0.020414285714285715,0.16345714285714288,0.16345714285714288
2023-04-09,0.06922857142857143,0.06922857142857143,0.29878571428571427,0.29878571428571427,0.006757142857142857,0.006757142857142857,0.08072857142857144,0.08072857142857144,0.020014285714285714,0.020014285714285714,0.13994285714285715,0.13994285714285715
2023-04-16,0.0849,0.0849,0.2918428571428571,0.2918428571428571,0.006342857142857143,0.006342857142857143,0.07065714285714286,0.07065714285714286,0.016142857142857143,0.016142857142857143,0.17312857142857144,0.17312857142857144
2023-04-23,0.11257142857142857,0.11257142857142857,0.3259857142857143,0.3259857142857143,0.0055,0.0055,0.06960000000000001,0.06960000000000001,0.015042857142857144,0.015042857142857144,0.14791428571428572,0.14791428571428572
2023-04-30,0.08978571428571429,0.08978571428571429,0.31648571428571426,0.31648571428571426,0.004514285714285715,0.004514285714285715,0.07830000000000001,0.07830000000000001,0.0185,0.0185,0.14765714285714288,0.14765714285714288
2023-05-07,0.0841,0.0841,0.3010857142857143,0.3010857142857143,0.0055,0.0055,0.06341428571428571,0.06341428571428571,0.014614285714285715,0.014614285714285715,0.1298857142857143,0.1298857142857143
2023-05-14,0.07541428571428573,0.07541428571428573,0.2824857142857143,0.2824857142857143,0.007328571428571428,0.007328571428571428,0.08602857142857144,0.08602857142857144,0.01507142857142857,0.01507142857142857,0.16834285714285713,0.16834285714285713
2023-05-21,0.07955714285714285,0.07955714285714285,0.25234285714285715,0.25234285714285715,0.007857142857142858,0.007857142857142858,0.057628571428571425,0.057628571428571425,0.017885714285714286,0.017885714285714286,0.1358,0.1358
2023-05-28,0.09430000000000001,0.09430000000000001,0.3083571428571429,0.3083571428571429,0.007685714285714286,0.007685714285714286,0.049557142857142855,0.049557142857142855,0.017585714285714284,0.017585714285714284,0.14957142857142855,0.14957142857142855
2023-06-04,0.08875714285714285,0.08875714285714285,0.3847285714285714,0.3847285714285714,0.005200000000000001,0.005200000000000001,0.06448571428571429,0.06448571428571429,0.013442857142857144,0.013442857142857144,0.15724285714285716,0.15724285714285716
2023-06-11,0.06594285714285715,0.06594285714285715,0.29321428571428576,0.29321428571428576,0.006728571428571429,0.006728571428571429,0.057628571428571425,0.057628571428571425,0.013828571428571428,0.013828571428571428,0.1336142857142857,0.1336142857142857
2023-06-18,0.07961428571428572,0.07961428571428572,0.2824285714285714,0.2824285714285714,0.005957142857142857,0.005957142857142857,0.06174285714285715,0.06174285714285715,0.0139,0.0139,0.15512857142857145,0.15512857142857145
2023-06-25,0.07609999999999999,0.07609999999999999,0.2702857142857143,0.2702857142857143,0.008928571428571428,0.008928571428571428,0.05832857142857143,0.05832857142857143,0.012,0.012,0.12794285714285714,0.12794285714285714
2023-07-02,0.07145714285714286,0.07145714285714286,0.30105714285714286,0.30105714285714286,0.0071428571428571435,0.0071428571428571435,0.05355714285714286,0.05355714285714286,0.015685714285714285,0.015685714285714285,0.1262,0.1262
2023-07-09,0.06584285714285713,0.06584285714285713,0.25044285714285713,0.25044285714285713,0.0072,0.0072,0.04288571428571429,0.04288571428571429,0.013742857142857142,0.013742857142857142,0.12517142857142857,0.12517142857142857
2023-07-16,0.0909,0.0909,0.2811142857142857,0.2811142857142857,0.0049,0.0049,0.052014285714285714,0.052014285714285714,0.011385714285714287,0.011385714285714287,0.1729857142857143,0.1729857142857143
2023-07-23,0.1355,0.1355,0.2868428571428572,0.2868428571428572,0.005942857142857143,0.005942857142857143,0.058242857142857145,0.058242857142857145,0.0115,0.0115,0.30588571428571426,0.30588571428571426
2023-07-30,0.09522857142857143,0.09522857142857143,0.2677285714285714,0.2677285714285714,0.006357142857142857,0.006357142857142857,0.054,0.054,0.013442857142857144,0.013442857142857144,0.18497142857142856,0.18497142857142856
2023-08-06,0.10655714285714286,0.10655714285714286,0.26057142857142856,0.26057142857142856,0.006571428571428571,0.006571428571428571,0.05261428571428572,0.05261428571428572,0.013914285714285714,0.013914285714285714,0.18474285714285715,0.18474285714285715
2023-08-13,0.06535714285714286,0.06535714285714286,0.27414285714285713,0.27414285714285713,0.005742857142857142,0.005742857142857142,0.0559,0.0559,0.02277142857142857,0.02277142857142857,0.17840000000000003,0.17840000000000003
2023-08-20,0.09369999999999999,0.09369999999999999,0.3146714285714286,0.3146714285714286,0.0044428571428571425,0.0044428571428571425,0.06910000000000001,0.06910000000000001,0.016314285714285715,0.016314285714285715,0.14742857142857144,0.14742857142857144
2023-08-27,0.07211428571428571,0.07211428571428571,0.3021428571428571,0.3021428571428571,0.003971428571428572,0.003971428571428572,0.05902857142857143,0.05902857142857143,0.025371428571428573,0.025371428571428573,0.12874285714285713,0.12874285714285713
2023-09-03,0.08094285714285714,0.08094285714285714,0.27394285714285715,0.27394285714285715,0.007471428571428572,0.007471428571428572,0.05412857142857143,0.05412857142857143,0.02742857142857143,0.02742857142857143,0.1171,0.1171
2023-09-10,0.09878571428571428,0.09878571428571428,0.30469999999999997,0.30469999999999997,0.005042857142857142,0.005042857142857142,0.054714285714285715,0.054714285714285715,0.02208571428571429,0.02208571428571429,0.11675714285714286,0.11675714285714286
2023-09-17,0.07855714285714285,0.07855714285714285,0.27702857142857146,0.27702857142857146,0.006271428571428572,0.006271428571428572,0.06951428571428571,0.06951428571428571,0.01978571428571429,0.01978571428571429,0.11984285714285714,0.11984285714285714
2023-09-24,0.0764,0.0764,0.27462857142857144,0.27462857142857144,0.012085714285714285,0.012085714285714285,0.0555,0.0555,0.021385714285714286,0.021385714285714286,0.15024285714285715,0.15024285714285715
2023-10-01,0.07307142857142858,0.07307142857142858,0.33104285714285714,0.33104285714285714,0.0576,0.0576,0.07348571428571428,0.07348571428571428,0.024542857142857144,0.024542857142857144,0.10345714285714284,0.10345714285714284
2023-10-08,0.054785714285714285,0.054785714285714285,0.29808571428571423,0.29808571428571423,0.01017142857142857,0.01017142857142857,0.060585714285714284,0.060585714285714284,0.013914285714285714,0.013914285714285714,0.11208571428571427,0.11208571428571427
2023-10-15,0.07165714285714285,0.07165714285714285,0.2978,0.2978,0.004528571428571429,0.004528571428571429,0.05747142857142857,0.05747142857142857,0.0131,0.0131,0.11287142857142858,0.11287142857142858
2023-10-22,0.08114285714285716,0.08114285714285716,0.25047142857142857,0.25047142857142857,0.004428571428571428,0.004428571428571428,0.07355714285714286,0.07355714285714286,0.01562857142857143,0.01562857142857143,0.08508571428571429,0.08508571428571429
2023-10-29,0.08785714285714286,0.08785714285714286,0.26534285714285716,0.26534285714285716,0.010285714285714285,0.010285714285714285,0.07682857142857143,0.07682857142857143,0.01895714285714286,0.01895714285714286,0.07142857142857142,0.07142857142857142
2023-11-05,0.09118571428571429,0.09118571428571429,0.2911,0.2911,0.007414285714285714,0.007414285714285714,0.06764285714285714,0.06764285714285714,0.013414285714285714,0.013414285714285714,0.1026,0.1026
2023-11-12,0.08882857142857144,0.08882857142857144,0.26698571428571427,0.26698571428571427,0.007285714285714286,0.007285714285714286,0.07971428571428572,0.07971428571428572,0.017057142857142858,0.017057142857142858,0.08832857142857142,0.08832857142857142
2023-11-19,0.09702857142857144,0.09702857142857144,0.25357142857142856,0.25357142857142856,0.008271428571428572,0.008271428571428572,0.09665714285714286,0.09665714285714286,0.016871428571428572,0.016871428571428572,0.09895714285714285,0.09895714285714285
2023-11-26,0.10060000000000001,0.10060000000000001,0.27598571428571433,0.27598571428571433,0.004028571428571428,0.004028571428571428,0.14185714285714285,0.14185714285714285,0.012157142857142858,0.012157142857142858,0.0939,0.0939
2023-12-03,0.09804285714285714,0.09804285714285714,0.2914285714285714,0.2914285714285714,0.004514285714285715,0.004514285714285715,0.10852857142857143,0.10852857142857143,0.015271428571428571,0.015271428571428571,0.09755714285714287,0.09755714285714287
2023-12-10,0.07971428571428572,0.07971428571428572,0.24985714285714286,0.24985714285714286,0.0042,0.0042,0.0916,0.0916,0.013628571428571429,0.013628571428571429,0.11785714285714285,0.11785714285714285
2023-12-17,0.0881,0.0881,0.2681428571428571,0.2681428571428571,0.005728571428571429,0.005728571428571429,0.0865,0.0865,0.012614285714285715,0.012614285714285715,0.11295714285714285,0.11295714285714285
2023-12-24,0.09937142857142857,0.09937142857142857,0.3171428571428571,0.3171428571428571,0.016485714285714288,0.016485714285714288,0.09934285714285715,0.09934285714285715,0.015057142857142856,0.015057142857142856,0.09948571428571429,0.09948571428571429
2023-12-31,0.07731428571428571,0.07731428571428571,0.2759285714285714,0.2759285714285714,0.007842857142857143,0.007842857142857143,0.07565714285714287,0.07565714285714287,0.010057142857142858,0.010057142857142858,0.08284285714285713,0.08284285714285713
2024-01-07,0.07008571428571429,0.07008571428571429,0.3000285714285714,0.3000285714285714,0.010985714285714284,0.010985714285714284,0.0645,0.0645,0.009557142857142858,0.009557142857142858,0.13064285714285714,0.13064285714285714
2024-01-14,0.07922857142857143,0.07922857142857143,0.3130285714285714,0.3130285714285714,0.011771428571428572,0.011771428571428572,0.05518571428571428,0.05518571428571428,0.01565714285714286,0.01565714285714286,0.11025714285714286,0.11025714285714286
2024-01-21,0.05845714285714286,0.05845714285714286,0.3951142857142857,0.3951142857142857,0.008185714285714286,0.008185714285714286,0.05467142857142857,0.05467142857142857,0.013571428571428571,0.013571428571428571,0.10092857142857144,0.10092857142857144
2024-01-28,0.06047142857142857,0.06047142857142857,0.2575571428571429,0.2575571428571429,0.004085714285714285,0.004085714285714285,0.04188571428571429,0.04188571428571429,0.015014285714285714,0.015014285714285714,0.07531428571428571,0.07531428571428571
2024-02-04,0.05992857142857143,0.05992857142857143,0.3102142857142857,0.3102142857142857,0.003814285714285714,0.003814285714285714,0.04824285714285714,0.04824285714285714,0.012714285714285714,0.012714285714285714,0.07588571428571429,0.07588571428571429
2024-02-11,0.05618571428571428,0.05618571428571428,0.2778285714285714,0.2778285714285714,0.004871428571428571,0.004871428571428571,0.04375714285714286,0.04375714285714286,0.017385714285714286,0.017385714285714286,0.11491428571428572,0.11491428571428572
2024-02-18,0.09871428571428573,0.09871428571428573,0.2551285714285714,0.2551285714285714,0.004614285714285714,0.004614285714285714,0.05267142857142857,0.05267142857142857,0.012685714285714286,0.012685714285714286,0.11067142857142856,0.11067142857142856
2024-02-25,0.06802857142857142,0.06802857142857142,0.1978,0.1978,0.006757142857142857,0.006757142857142857,0.051300000000000005,0.051300000000000005,0.012499999999999999,0.012499999999999999,0.0956,0.0956
2024-03-03,0.09252857142857142,0.09252857142857142,0.2077,0.2077,0.008757142857142857,0.008757142857142857,0.050814285714285715,0.050814285714285715,0.013642857142857142,0.013642857142857142,0.13734285714285716,0.13734285714285716
2024-03-10,0.11670000000000001,0.11670000000000001,0.2400857142857143,0.2400857142857143,0.050128571428571425,0.050128571428571425,0.04774285714285714,0.04774285714285714,0.025585714285714285,0.025585714285714285,0.09019999999999999,0.09019999999999999
2024-03-17,0.09522857142857143,0.09522857142857143,0.24257142857142858,0.24257142857142858,0.01724285714285714,0.01724285714285714,0.05078571428571428,0.05078571428571428,0.02142857142857143,0.02142857142857143,0.12468571428571429,0.12468571428571429
2024-03-24,0.1479,0.1479,0.2262142857142857,0.2262142857142857,0.006928571428571429,0.006928571428571429,0.05424285714285714,0.05424285714285714,0.0157,0.0157,0.09804285714285714,0.09804285714285714
2024-03-31,0.1139,0.1139,0.2658285714285714,0.2658285714285714,0.005971428571428571,0.005971428571428571,0.05387142857142857,0.05387142857142857,0.010871428571428572,0.010871428571428572,0.07562857142857142,0.07562857142857142
2024-04-07,0.09668571428571428,0.09668571428571428,0.22148571428571429,0.22148571428571429,0.005357142857142857,0.005357142857142857,0.042485714285714286,0.042485714285714286,0.015114285714285716,0.015114285714285716,0.11284285714285715,0.11284285714285715
2024-04-14,0.09084285714285714,0.09084285714285714,0.2194,0.2194,0.013871428571428571,0.013871428571428571,0.05577142857142857,0.05577142857142857,0.03008571428571429,0.03008571428571429,0.13067142857142858,0.13067142857142858
2024-04-21,0.07191428571428571,0.07191428571428571,0.21982857142857143,0.21982857142857143,0.005342857142857143,0.005342857142857143,0.04375714285714286,0.04375714285714286,0.013600000000000001,0.013600000000000001,0.08582857142857143,0.08582857142857143
2024-04-28,0.08697142857142857,0.08697142857142857,0.2331142857142857,0.2331142857142857,0.004742857142857143,0.004742857142857143,0.0469,0.0469,0.0185,0.0185,0.07335714285714287,0.07335714285714287
2024-05-05,0.07934285714285715,0.07934285714285715,0.23934285714285713,0.23934285714285713,0.006857142857142858,0.006857142857142858,0.04554285714285715,0.04554285714285715,0.015142857142857142,0.015142857142857142,0.08311428571428571,0.08311428571428571
2024-05-12,0.06667142857142858,0.06667142857142858,0.2535857142857143,0.2535857142857143,0.004942857142857143,0.004942857142857143,0.04815714285714286,0.04815714285714286,0.01812857142857143,0.01812857142857143,0.0693,0.0693
2024-05-19,0.06649999999999999,0.06649999999999999,0.2542285714285714,0.2542285714285714,0.0051285714285714285,0.0051285714285714285,0.045771428571428574,0.045771428571428574,0.014799999999999999,0.014799999999999999,0.08525714285714285,0.08525714285714285
2024-05-26,0.05901428571428572,0.05901428571428572,0.2780714285714286,0.2780714285714286,0.005542857142857143,0.005542857142857143,0.0412,0.0412,0.013042857142857142,0.013042857142857142,0.09530000000000001,0.09530000000000001
2024-06-02,0.07272857142857143,0.07272857142857143,0.24394285714285716,0.24394285714285716,0.005671428571428571,0.005671428571428571,0.04991428571428571,0.04991428571428571,0.018914285714285713,0.018914285714285713,0.07801428571428572,0.07801428571428572
2024-06-09,0.07537142857142856,0.07537142857142856,0.2649714285714286,0.2649714285714286,0.005557142857142857,0.005557142857142857,0.05344285714285714,0.05344285714285714,0.013514285714285715,0.013514285714285715,0.07525714285714287,0.07525714285714287
2024-06-16,0.0631142857142857,0.0631142857142857,0.4807571428571428,0.4807571428571428,0.005042857142857142,0.005042857142857142,0.054157142857142855,0.054157142857142855,0.010828571428571429,0.010828571428571429,0.08032857142857143,0.08032857142857143
2024-06-23,0.06658571428571429,0.06658571428571429,0.3456142857142857,0.3456142857142857,0.004414285714285714,0.004414285714285714,0.06267142857142857,0.06267142857142857,0.010114285714285715,0.010114285714285715,0.08061428571428572,0.08061428571428572
2024-06-30,0.08750000000000001,0.08750000000000001,0.3948571428571429,0.3948571428571429,0.005200000000000001,0.005200000000000001,0.05154285714285715,0.05154285714285715,0.0139,0.0139,0.08814285714285715,0.08814285714285715
2024-07-07,0.05488571428571428,0.05488571428571428,0.4165142857142857,0.4165142857142857,0.0051142857142857144,0.0051142857142857144,0.043171428571428576,0.043171428571428576,0.01612857142857143,0.01612857142857143,0.07611428571428572,0.07611428571428572
2024-07-14,0.07392857142857143,0.07392857142857143,0.3850571428571429,0.3850571428571429,0.004857142857142858,0.004857142857142858,0.04637142857142857,0.04637142857142857,0.010914285714285713,0.010914285714285713,0.08138571428571428,0.08138571428571428
2024-07-21,0.06085714285714285,0.06085714285714285,0.2447,0.2447,0.006357142857142857,0.006357142857142857,0.04832857142857143,0.04832857142857143,0.015542857142857141,0.015542857142857141,0.07922857142857143,0.07922857142857143
2024-07-28,0.09718571428571429,0.09718571428571429,0.22467142857142858,0.22467142857142858,0.004271428571428571,0.004271428571428571,0.04934285714285714,0.04934285714285714,0.011885714285714286,0.011885714285714286,0.07882857142857144,0.07882857142857144
2024-08-04,0.061085714285714285,0.061085714285714285,0.2522714285714286,0.2522714285714286,0.006014285714285714,0.006014285714285714,0.0509,0.0509,0.015,0.015,0.06895714285714286,0.06895714285714286
2024-08-11,0.06594285714285715,0.06594285714285715,0.23334285714285713,0.23334285714285713,0.008557142857142857,0.008557142857142857,0.05231428571428571,0.05231428571428571,0.026771428571428574,0.026771428571428574,0.07410000000000001,0.07410000000000001
2024-08-18,0.06442857142857143,0.06442857142857143,0.23845714285714287,0.23845714285714287,0.008028571428571428,0.008028571428571428,0.07909999999999999,0.07909999999999999,0.021357142857142856,0.021357142857142856,0.14182857142857144,0.14182857142857144
2024-08-25,0.07071428571428572,0.07071428571428572,0.24289999999999998,0.24289999999999998,0.007071428571428571,0.007071428571428571,0.050671428571428576,0.050671428571428576,0.017214285714285713,0.017214285714285713,0.07327142857142857,0.07327142857142857
2024-09-01,0.07325714285714287,0.07325714285714287,0.24365714285714285,0.24365714285714285,0.006,0.006,0.05405714285714286,0.05405714285714286,0.022042857142857142,0.022042857142857142,0.09324285714285716,0.09324285714285716
2024-09-08,0.07945714285714287,0.07945714285714287,0.2838714285714286,0.2838714285714286,0.003885714285714286,0.003885714285714286,0.05008571428571429,0.05008571428571429,0.0277,0.0277,0.06599999999999999,0.06599999999999999
2024-09-15,0.08532857142857142,0.08532857142857142,0.2691,0.2691,0.004742857142857143,0.004742857142857143,0.06242857142857143,0.06242857142857143,0.01962857142857143,0.01962857142857143,0.0959,0.0959
2024-09-22,0.06457142857142857,0.06457142857142857,0.28268571428571426,0.28268571428571426,0.0067428571428571425,0.0067428571428571425,0.05965714285714285,0.05965714285714285,0.014942857142857143,0.014942857142857143,0.06395714285714285,0.06395714285714285
2024-09-29,0.07575714285714286,0.07575714285714286,0.2619285714285714,0.2619285714285714,0.006185714285714286,0.006185714285714286,0.05071428571428571,0.05071428571428571,0.014585714285714285,0.014585714285714285,0.07147142857142856,0.07147142857142856
2024-10-06,0.08874285714285714,0.08874285714285714,0.28738571428571424,0.28738571428571424,0.0051571428571428575,0.0051571428571428575,0.06248571428571429,0.06248571428571429,0.01647142857142857,0.01647142857142857,0.076,0.076
2024-10-13,0.08434285714285715,0.08434285714285715,0.2520857142857143,0.2520857142857143,0.005285714285714285,0.005285714285714285,0.07695714285714285,0.07695714285714285,0.01615714285714286,0.01615714285714286,0.08357142857142856,0.08357142857142856
2024-10-20,0.09,0.09,0.25917142857142855,0.25917142857142855,0.0051142857142857144,0.0051142857142857144,0.09415714285714286,0.09415714285714286,0.024842857142857142,0.024842857142857142,0.09128571428571429,0.09128571428571429
2024-10-27,0.06822857142857143,0.06822857142857143,0.26012857142857143,0.26012857142857143,0.004528571428571429,0.004528571428571429,0.06645714285714285,0.06645714285714285,0.020685714285714283,0.020685714285714283,0.06934285714285714,0.06934285714285714
2024-11-03,0.08661428571428573,0.08661428571428573,0.28535714285714286,0.28535714285714286,0.002757142857142857,0.002757142857142857,0.07681428571428571,0.07681428571428571,0.017714285714285714,0.017714285714285714,0.06252857142857142,0.06252857142857142
2024-11-10,0.06387142857142857,0.06387142857142857,0.25812857142857143,0.25812857142857143,0.003442857142857143,0.003442857142857143,0.05607142857142857,0.05607142857142857,0.014199999999999999,0.014199999999999999,0.07089999999999999,0.07089999999999999
2024-11-17,0.09388571428571428,0.09388571428571428,0.2923,0.2923,0.0045,0.0045,0.07482857142857144,0.07482857142857144,0.024771428571428573,0.024771428571428573,0.10537142857142857,0.10537142857142857
2024-11-24,0.0911,0.0911,0.30644285714285713,0.30644285714285713,0.011785714285714285,0.011785714285714285,0.0979857142857143,0.0979857142857143,0.01967142857142857,0.01967142857142857,0.10044285714285714,0.10044285714285714
2024-12-01,0.08461428571428573,0.08461428571428573,0.32485714285714284,0.32485714285714284,0.0074285714285714285,0.0074285714285714285,0.10678571428571429,0.10678571428571429,0.014985714285714285,0.014985714285714285,0.08918571428571428,0.08918571428571428
2024-12-08,0.07197142857142858,0.07197142857142858,0.32108571428571425,0.32108571428571425,0.0038,0.0038,0.09667142857142856,0.09667142857142856,0.013914285714285714,0.013914285714285714,0.08078571428571428,0.08078571428571428
2024-12-15,0.06641428571428572,0.06641428571428572,0.2914428571428571,0.2914428571428571,0.004285714285714286,0.004285714285714286,0.07914285714285715,0.07914285714285715,0.015114285714285716,0.015114285714285716,0.10284285714285714,0.10284285714285714
2024-12-22,0.0705,0.0705,0.3314142857142857,0.3314142857142857,0.0061,0.0061,0.08367142857142858,0.08367142857142858,0.014585714285714285,0.014585714285714285,0.08167142857142858,0.08167142857142858
2024-12-29,0.07144285714285714,0.07144285714285714,0.27717142857142857,0.27717142857142857,0.011014285714285714,0.011014285714285714,0.08551428571428572,0.08551428571428572,0.009857142857142858,0.009857142857142858,0.06548571428571429,0.06548571428571429
2025-01-05,0.059385714285714285,0.059385714285714285,0.42615714285714285,0.42615714285714285,0.005042857142857142,0.005042857142857142,0.05135714285714286,0.05135714285714286,0.012685714285714286,0.012685714285714286,0.07485714285714286,0.07485714285714286
2025-01-12,0.05262857142857143,0.05262857142857143,0.3975714285714286,0.3975714285714286,0.004342857142857143,0.004342857142857143,0.06335714285714286,0.06335714285714286,0.021271428571428573,0.021271428571428573,0.07827142857142856,0.07827142857142856
2025-01-19,0.07268571428571428,0.07268571428571428,0.3281428571428572,0.3281428571428572,0.004757142857142857,0.004757142857142857,0.07965714285714286,0.07965714285714286,0.014071428571428572,0.014071428571428572,0.0878,0.0878
2025-01-26,0.05467142857142857,0.05467142857142857,0.34044285714285716,0.34044285714285716,0.0051285714285714285,0.0051285714285714285,0.05015714285714286,0.05015714285714286,0.012042857142857143,0.012042857142857143,0.06868571428571428,0.06868571428571428
2025-02-02,0.05231428571428571,0.05231428571428571,0.38725714285714286,0.38725714285714286,0.010442857142857143,0.010442857142857143,0.08337142857142857,0.08337142857142857,0.024457142857142854,0.024457142857142854,0.0833,0.0833
2025-02-09,0.061271428571428574,0.061271428571428574,0.3139571428571429,0.3139571428571429,0.003914285714285715,0.003914285714285715,0.062042857142857136,0.062042857142857136,0.019542857142857143,0.019542857142857143,0.09772857142857141,0.09772857142857141
2025-02-16,0.04534285714285714,0.04534285714285714,0.29845714285714287,0.29845714285714287,0.0029714285714285715,0.0029714285714285715,0.04844285714285714,0.04844285714285714,0.015371428571428572,0.015371428571428572,0.11291428571428572,0.11291428571428572
2025-02-23,0.05187142857142857,0.05187142857142857,0.3042714285714286,0.3042714285714286,0.004642857142857143,0.004642857142857143,0.05454285714285715,0.05454285714285715,0.017628571428571427,0.017628571428571427,0.08534285714285715,0.08534285714285715
2025-03-02,0.049042857142857145,0.049042857142857145,0.32415714285714287,0.32415714285714287,0.0038,0.0038,0.0523,0.0523,0.0196,0.0196,0.08838571428571429,0.08838571428571429
2025-03-09,0.04625714285714285,0.04625714285714285,0.2577714285714286,0.2577714285714286,0.006642857142857143,0.006642857142857143,0.04801428571428572,0.04801428571428572,0.015414285714285714,0.015414285714285714,0.10918571428571429,0.10918571428571429
2025-03-16,0.05338571428571428,0.05338571428571428,0.2646857142857143,0.2646857142857143,0.011014285714285714,0.011014285714285714,0.053657142857142855,0.053657142857142855,0.022714285714285715,0.022714285714285715,0.09951428571428571,0.09951428571428571
2025-03-23,0.05732857142857143,0.05732857142857143,0.2470857142857143,0.2470857142857143,0.004614285714285715,0.004614285714285715,0.05670000000000001,0.05670000000000001,0.018600000000000002,0.018600000000000002,0.07344285714285714,0.07344285714285714
2025-03-30,0.05217142857142857,0.05217142857142857,0.28682857142857143,0.28682857142857143,0.0038,0.0038,0.0659,0.0659,0.020771428571428573,0.020771428571428573,0.07448571428571428,0.07448571428571428
2025-04-06,0.0612,0.0612,0.3197857142857143,0.3197857142857143,0.007171428571428572,0.007171428571428572,0.06468571428571428,0.06468571428571428,0.018828571428571427,0.018828571428571427,0.08928571428571429,0.08928571428571429
2025-04-13,0.06061428571428572,0.06061428571428572,0.2770142857142857,0.2770142857142857,0.005742857142857142,0.005742857142857142,0.05204285714285715,0.05204285714285715,0.019542857142857143,0.019542857142857143,0.11968571428571428,0.11968571428571428
2025-04-20,0.05941428571428571,0.05941428571428571,0.3067857142857143,0.3067857142857143,0.006542857142857143,0.006542857142857143,0.05535714285714286,0.05535714285714286,0.019185714285714285,0.019185714285714285,0.06602857142857142,0.06602857142857142
2025-04-27,0.06487142857142857,0.06487142857142857,0.26262857142857143,0.26262857142857143,0.004542857142857143,0.004542857142857143,0.053285714285714283,0.053285714285714283,0.0182,0.0182,0.0663,0.0663
2025-05-04,0.06265714285714286,0.06265714285714286,0.36467142857142854,0.36467142857142854,0.0058142857142857145,0.0058142857142857145,0.06292857142857143,0.06292857142857143,0.01762857142857143,0.01762857142857143,0.08034285714285715,0.08034285714285715
2025-05-11,0.055099999999999996,0.055099999999999996,0.29112857142857146,0.29112857142857146,0.006028571428571429,0.006028571428571429,0.06862857142857143,0.06862857142857143,0.01572857142857143,0.01572857142857143,0.06201428571428572,0.06201428571428572
2025-05-18,0.07361428571428572,0.07361428571428572,0.28345714285714285,0.28345714285714285,0.006342857142857143,0.006342857142857143,0.048342857142857146,0.048342857142857146,0.015642857142857142,0.015642857142857142,0.07142857142857142,0.07142857142857142
2025-05-25,0.07762857142857142,0.07762857142857142,0.3437428571428572,0.3437428571428572,0.012014285714285713,0.012014285714285713,0.054157142857142855,0.054157142857142855,0.02242857142857143,0.02242857142857143,0.07885714285714286,0.07885714285714286
2025-06-01,0.06191428571428571,0.06191428571428571,0.28731428571428574,0.28731428571428574,0.006514285714285715,0.006514285714285715,0.053028571428571425,0.053028571428571425,0.015914285714285714,0.015914285714285714,0.06491428571428572,0.06491428571428572
2025-06-08,0.06952857142857143,0.06952857142857143,0.37048571428571425,0.37048571428571425,0.005342857142857143,0.005342857142857143,0.05908571428571429,0.05908571428571429,0.02157142857142857,0.02157142857142857,0.05594285714285714,0.05594285714285714
2025-06-15,0.05176666666666666,0.05176666666666666,0.31851666666666667,0.31851666666666667,0.0057666666666666665,0.0057666666666666665,0.053233333333333334,0.053233333333333334,0.019383333333333332,0.019383333333333332,0.07095,0.07095
2025-06-22,0.05176666666666666,0.05176666666666666,0.31851666666666667,0.31851666666666667,0.0057666666666666665,0.0057666666666666665,0.053233333333333334,0.053233333333333334,0.019383333333333332,0.019383333333333332,0.07095,0.07095
2025-06-29,0.05176666666666666,0.05176666666666666,0.31851666666666667,0.31851666666666667,0.0057666666666666665,0.0057666666666666665,0.053233333333333334,0.053233333333333334,0.019383333333333332,0.019383333333333332,0.07095,0.07095
2025-07-06,0.051000000000000004,0.051000000000000004,0.38188,0.38188,0.005,0.005,0.04632,0.04632,0.013319999999999999,0.013319999999999999,0.06544000000000001,0.06544000000000001
2025-07-13,0.07312857142857143,0.07312857142857143,0.2993,0.2993,0.005371428571428571,0.005371428571428571,0.06042857142857143,0.06042857142857143,0.015042857142857144,0.015042857142857144,0.05177142857142857,0.05177142857142857
2025-07-20,0.06202857142857143,0.06202857142857143,0.30142857142857143,0.30142857142857143,0.006157142857142857,0.006157142857142857,0.05385714285714286,0.05385714285714286,0.01447142857142857,0.01447142857142857,0.0684,0.0684
2025-07-27,0.07848571428571428,0.07848571428571428,0.348,0.348,0.008028571428571428,0.008028571428571428,0.05631428571428571,0.05631428571428571,0.014114285714285715,0.014114285714285715,0.06475714285714286,0.06475714285714286
2025-08-03,0.1018,0.1018,0.29938571428571426,0.29938571428571426,0.0065,0.0065,0.049242857142857144,0.049242857142857144,0.011371428571428572,0.011371428571428572,0.07454285714285715,0.07454285714285715
2025-08-10,0.07640000000000001,0.07640000000000001,0.3314285714285714,0.3314285714285714,0.006971428571428571,0.006971428571428571,0.04931428571428571,0.04931428571428571,0.023799999999999998,0.023799999999999998,0.08921428571428572,0.08921428571428572
2025-08-17,0.07922857142857143,0.07922857142857143,0.3184,0.3184,0.004571428571428572,0.004571428571428572,0.04498571428571429,0.04498571428571429,0.01447142857142857,0.01447142857142857,0.08601428571428571,0.08601428571428571
2025-08-24,0.09455714285714285,0.09455714285714285,0.2846285714285714,0.2846285714285714,0.005257142857142857,0.005257142857142857,0.052957142857142855,0.052957142857142855,0.012514285714285714,0.012514285714285714,0.09202857142857143,0.09202857142857143
2025-08-31,0.0896,0.0896,0.2761,0.2761,0.0052,0.0052,0.0243,0.0243,0.011,0.011,0.1065,0.1065
